{
  "best_epoch": 0,
  "peak_worker_0_memory_MB": 268.1484375,
  "training_duration": "0:00:23.475390",
  "training_start_epoch": 0,
  "training_epochs": 0,
  "epoch": 0,
  "training_precision": 0.4444444477558136,
  "training_recall": 0.003894839435815811,
  "training_f1": 0.0077220075763762,
  "training_loss": 0.6625197444643293,
  "training_worker_0_memory_MB": 268.1484375,
  "validation_precision": 0.0,
  "validation_recall": 0.0,
  "validation_f1": 0.0,
  "validation_loss": 0.6472048496729449,
  "best_validation_precision": 0.0,
  "best_validation_recall": 0.0,
  "best_validation_f1": 0.0,
  "best_validation_loss": 0.6472048496729449
}