{
  "best_epoch": 4,
  "peak_worker_0_memory_MB": 277.15234375,
  "training_duration": "0:02:02.395715",
  "training_start_epoch": 0,
  "training_epochs": 4,
  "epoch": 4,
  "training_precision": 0.6129032373428345,
  "training_recall": 0.01850048638880253,
  "training_f1": 0.03591682016849518,
  "training_loss": 0.6503790616989136,
  "training_worker_0_memory_MB": 277.15234375,
  "validation_precision": 0.6666666865348816,
  "validation_recall": 0.03100775182247162,
  "validation_f1": 0.05925925821065903,
  "validation_loss": 0.6361439910374189,
  "best_validation_precision": 0.6666666865348816,
  "best_validation_recall": 0.03100775182247162,
  "best_validation_f1": 0.05925925821065903,
  "best_validation_loss": 0.6361439910374189
}