{
  "best_epoch": 4,
  "peak_worker_0_memory_MB": 277.62109375,
  "training_duration": "0:02:51.116750",
  "training_start_epoch": 0,
  "training_epochs": 6,
  "epoch": 6,
  "training_precision": 0.6164383292198181,
  "training_recall": 0.023219814524054527,
  "training_f1": 0.04475385323166847,
  "training_loss": 0.636769827448712,
  "training_worker_0_memory_MB": 277.62109375,
  "validation_precision": 0.75,
  "validation_recall": 0.02247191034257412,
  "validation_f1": 0.04363636299967766,
  "validation_loss": 0.6588594207638189,
  "best_validation_precision": 0.6666666865348816,
  "best_validation_recall": 0.05243445560336113,
  "best_validation_f1": 0.0972222238779068,
  "best_validation_loss": 0.6413406808125345
}